Algorithm,nn,sim,bin,strat,val,h,nt,thres,w,nDCGRendle2020,Recall,HR,Precision,MAP,MRR,ItemCoverage,ACLT,Gini,SEntropy,EFD,EPC,PopREO,PopRSP,Filename_Model,CR
UserFairANN,50,jaccard,False,no_sampling,False,8,10,0$5,1,0.122964761820019,0.1489881493382459,0.6422505307855626,0.0707006369426751,0.0833946866249029,0.2221651469737437,264.0,0.0414012738853503,0.057130337606413,6.719427266574749,0.5932638063448893,0.0578060952916824,0.9974176869657136,0.998581909954095,UserFairANN,0.0291320694907941
UserFairANN,100,jaccard,False,no_sampling,False,8,10,0$5,1,0.1139324761109921,0.134078562348196,0.6104033970276008,0.0666135881104034,0.0795912602899252,0.2122496519589852,219.0,0.0042462845010615,0.0447918390636106,6.377347697975864,0.556125540326487,0.0539241826039603,1.0,0.9998547326685896,UserFairANN,0.0291320694907941
UserFairANN,250,jaccard,False,no_sampling,False,8,10,0$5,1,0.1135912900601232,0.1338279136102861,0.60828025477707,0.0665074309978768,0.0794971652414009,0.2114999034045197,218.0,0.0021231422505307,0.0445676245237902,6.370220828964688,0.5550349507829277,0.0538166083849806,1.0,0.9999273714077732,UserFairANN,0.0291320694907941
ItemFairANN,50,jaccard,False,no_sampling,False,8,10,0$5,1,0.0894794955707462,0.0975123631041435,0.5445859872611465,0.0556794055201698,0.0670160111741943,0.1880581362618051,967.0,3.3927813163481955,0.1666750993400444,8.1197911713007,0.5006517997714504,0.049512912582941,0.9035653912900355,0.869367327974345,ItemFairANN,0.0463088518873988
ItemFairANN,100,jaccard,False,no_sampling,False,8,10,0$5,1,0.0835085265185637,0.0921818586352649,0.524416135881104,0.051592356687898,0.0628687521552543,0.1779809939244036,937.0,3.903397027600849,0.1610824242596195,8.08467802362157,0.4652976256928204,0.045983483747151,0.89609226681087,0.8468104901820821,ItemFairANN,0.0463088518873988
ItemFairANN,250,jaccard,False,no_sampling,False,8,10,0$5,1,0.0834148136050412,0.0921818586352649,0.524416135881104,0.051592356687898,0.0627365565884082,0.1772326455394478,936.0,3.9012738853503186,0.1609862760211022,8.083723447429055,0.4644181323321142,0.0458999967146865,0.89609226681087,0.8469060815533821,ItemFairANN,0.0463088518873988
