Algorithm,nn,sim,bin,strat,val,h,nt,thres,w,nDCGRendle2020,Recall,HR,Precision,MAP,MRR,ItemCoverage,ACLT,Gini,SEntropy,EFD,EPC,PopREO,PopRSP,Filename_Model,CR
UserFairANN,50,jaccard,False,no_sampling,False,1,4,0$5,1,0.1685446289982273,0.2078486488694876,0.7303609341825902,0.0909235668789809,0.1132418557021638,0.2872327928818384,375.0,0.2558386411889596,0.0960485438270467,7.449411122777799,0.8171847357163954,0.0808369150979447,0.9700532572738576,0.9911745880167846,UserFairANN,0.4646976727804242
UserFairANN,250,jaccard,False,no_sampling,False,1,4,0$5,1,0.1499410802902855,0.1956019003591703,0.7123142250530785,0.0856687898089171,0.098542238467532,0.2435097780021711,176.0,0.0,0.055086714677738,6.640207425353647,0.7103016754833424,0.069686152101616,1.0,1.0,UserFairANN,0.4646976727804242
UserFairANN,100,jaccard,False,no_sampling,False,1,4,0$5,1,0.1644500558698121,0.2071720915969529,0.7388535031847133,0.0912420382165605,0.1096164464274686,0.2718799547565742,268.0,0.0573248407643312,0.0765622906608535,7.11610145461755,0.791640718810285,0.0780827240462651,0.9880179194796812,0.9980354601973168,UserFairANN,0.4646976727804242
ItemFairANN,50,jaccard,False,no_sampling,False,1,4,0$5,1,0.167671578437275,0.2069107565091579,0.7335456475583864,0.0899150743099787,0.1135275362049878,0.2846224554020939,443.0,0.3205944798301486,0.0986794591109916,7.49411073292315,0.8257692891033729,0.0827311917697978,0.9637094317568984,0.9889169596334402,ItemFairANN,0.9398064172441424
ItemFairANN,250,jaccard,False,no_sampling,False,1,4,0$5,1,0.147911643433052,0.1898970846881852,0.7112526539278131,0.0856157112526539,0.0974015452220254,0.2453135205123186,421.0,0.1857749469214437,0.1355341034649617,7.921628604400619,0.7661914609007445,0.076779709621145,0.9745333141339572,0.9936063675651088,ItemFairANN,0.9398064172441424
ItemFairANN,100,jaccard,False,no_sampling,False,1,4,0$5,1,0.16188430850483,0.2023369622385298,0.7229299363057324,0.0894904458598726,0.11032955978594,0.2704061486449676,393.0,0.1932059447983015,0.1080208909631688,7.597855159938915,0.8142068916891699,0.0817626238520263,0.9615292336411008,0.993348986371609,ItemFairANN,0.9398064172441424
