Algorithm,nn,sim,bin,strat,val,h,nt,thres,w,nDCGRendle2020,Recall,HR,Precision,MAP,MRR,ItemCoverage,ACLT,Gini,SEntropy,EFD,EPC,PopREO,PopRSP,Filename_Model,CR
ItemFairANN,100,jaccard,False,no_sampling,False,1,2,0$5,1,0.1545384892118639,0.1935757942578043,0.7282377919320594,0.0863588110403397,0.1028153612107598,0.262058806717017,417.0,0.232484076433121,0.108636082069614,7.6264886206337295,0.7774304551795794,0.077819211211038,0.9580666422426956,0.9919864363547392,ItemFairANN,0.7504336570719122
ItemFairANN,50,jaccard,False,no_sampling,False,1,2,0$5,1,0.1593814717298207,0.1999817288208302,0.7292993630573248,0.0886411889596602,0.1076863849537123,0.2623969856944458,463.0,0.3259023354564755,0.1009558868729286,7.529167720652442,0.7927523419281252,0.0793067845838614,0.9591371233060744,0.9887314769795718,ItemFairANN,0.7504336570719122
ItemFairANN,250,jaccard,False,no_sampling,False,1,2,0$5,1,0.1322607671485179,0.1630875840516876,0.6985138004246284,0.0746815286624204,0.0895488141414814,0.2439494376899476,473.0,0.3747346072186836,0.1240383993997825,7.827688627303117,0.6931346384915918,0.0690284276697064,0.95637451111032,0.9870219593623608,ItemFairANN,0.7504336570719122
UserFairANN,50,jaccard,False,no_sampling,False,1,2,0$5,1,0.1668208785961294,0.2052892949621954,0.7335456475583864,0.0911358811040339,0.1119711987249602,0.2826569787301926,365.0,0.2250530785562632,0.0933351144400468,7.409516675226795,0.8111627540378835,0.0802041946892364,0.9800400929414588,0.9922444881728182,UserFairANN,0.370237476776233
UserFairANN,250,jaccard,False,no_sampling,False,1,2,0$5,1,0.1476881040446857,0.187360657093539,0.7016985138004246,0.0833864118895966,0.0970501349986508,0.2462702406686453,173.0,0.0,0.0512592266844459,6.541333702412324,0.6945301358761685,0.0680165980027242,1.0,1.0,UserFairANN,0.370237476776233
UserFairANN,100,jaccard,False,no_sampling,False,1,2,0$5,1,0.1631376656748055,0.2039112487085384,0.7388535031847133,0.0903927813163482,0.1081510564708243,0.272263767233054,249.0,0.0445859872611464,0.0740011222548496,7.06782922882731,0.7808874919801465,0.0769839697310868,0.9959617245153772,0.9984726658703872,UserFairANN,0.370237476776233
